{
  "train_loss": [
    5.937489127727729,
    5.310226174735766,
    5.05912118259702,
    4.877851947640667,
    4.738159841996985,
    4.621433913306626,
    4.5235550355462015,
    4.437661148497426,
    4.359542153885997,
    4.288792258797873,
    4.2256990544407715,
    4.166868854178714,
    4.112563804213163,
    4.061042881268672,
    4.0146320851301605,
    3.970911548083114,
    3.930605458058066,
    3.892208566254915,
    3.8586283532318486,
    3.823776888494376,
    3.7932580476814772,
    3.7642830948810397,
    3.7365207056017296,
    3.7111463328550194,
    3.6861663182362574,
    3.6634775129012755,
    3.6421303742666744,
    3.620682851462794,
    3.601884705221348,
    3.5813330991110925,
    3.5629224542974622,
    3.5461063401054083,
    3.5297110956738806,
    3.5142056078801724,
    3.4989056166858084,
    3.482927143333096,
    3.4706041013889646,
    3.455616871729834,
    3.4439100429796756,
    3.4318846414419717,
    3.4194043433521832,
    3.407686373426969,
    3.3957548067675627,
    3.3852393389710826,
    3.3742430020790564,
    3.365273352426603,
    3.354843297203649,
    3.344204303233171,
    3.336436311136505,
    3.3259385591560866,
    3.3164312550710315,
    3.308443395478568,
    3.299845619445534,
    3.2929568293919314,
    3.2851756998860497,
    3.2771618603697377,
    3.2687111918088725,
    3.261699026718756,
    3.2543856674055713,
    3.2087169139574545,
    3.199316772445535,
    3.1922965319288212,
    3.1677703257364347,
    3.160978046753525,
    3.148248066330983,
    3.145088138041233,
    3.136483239614145,
    3.1353291053309897,
    3.1310851577152956,
    3.1300468894065148
  ],
  "val_loss": [
    5.307894000759372,
    5.045484146514497,
    4.885082486387971,
    4.774253362184995,
    4.691154907276104,
    4.6174414684246115,
    4.566083214499733,
    4.522787029092962,
    4.481033820610542,
    4.445828310855023,
    4.41229763588348,
    4.384947863492099,
    4.362502221937303,
    4.343034481073355,
    4.322130927791843,
    4.309597504603398,
    4.289789562101488,
    4.272741283689227,
    4.25937447919474,
    4.247363006913817,
    4.23282679025229,
    4.223359095585811,
    4.2155842781066895,
    4.200523125660884,
    4.191544786676184,
    4.185607247538381,
    4.176583547096748,
    4.170833807486992,
    4.163600088714005,
    4.1546783880753955,
    4.150442117220395,
    4.143174205507551,
    4.1383392532150465,
    4.131907035778095,
    4.1287911340787815,
    4.121692651278012,
    4.119061578403819,
    4.117000084418755,
    4.108390195029123,
    4.109088303206803,
    4.104770657304045,
    4.098567597277753,
    4.098812134234937,
    4.096647182068267,
    4.0947960506786,
    4.090708670678077,
    4.085584711718869,
    4.084801339483881,
    4.082440261716966,
    4.079633496024392,
    4.082311453757348,
    4.076561968047898,
    4.075264986459311,
    4.076734564521096,
    4.06987020566866,
    4.070165163510806,
    4.068858177630933,
    4.069542178859958,
    4.069280667738481,
    4.054741642691872,
    4.058138751364374,
    4.060682689988768,
    4.057289668491909,
    4.05857835497175,
    4.057932314934669,
    4.059059387677676,
    4.058973804696814,
    4.0595432411540635,
    4.059634982765495,
    4.059535280450598
  ],
  "perplexity": [
    201.92452738116023,
    155.31947838211389,
    132.30137794700806,
    118.42186336299525,
    108.97896775953176,
    101.23468835472089,
    96.16670678930178,
    92.0919034610051,
    88.32593866703084,
    85.2704790568235,
    82.45870609769729,
    80.23403998119302,
    78.45319633449893,
    76.94066043649839,
    75.34902066126654,
    74.41053301519158,
    72.95111520485409,
    71.71796568763038,
    70.76570418665116,
    69.92078839205705,
    68.91175618567745,
    68.2623995250148,
    67.73372964699942,
    66.7212254982201,
    66.12486090605807,
    65.73340524813429,
    65.14291490099419,
    64.76943483836934,
    64.30260146797276,
    63.73146445251163,
    63.46205176257449,
    63.002487233405695,
    62.69860842506861,
    62.2966115941946,
    62.10280357643698,
    61.66352883001612,
    61.50150083918071,
    61.37484645860435,
    60.848684169218515,
    60.891177964145186,
    60.62883817180517,
    60.25391787802449,
    60.268653989449284,
    60.13831637467121,
    60.02709542356516,
    59.782242618360534,
    59.47670431205653,
    59.430130158101186,
    59.28997652102769,
    59.123796771920276,
    59.28233999195962,
    58.94247498608117,
    58.86607723518612,
    58.95264912737053,
    58.549362723308036,
    58.56663486414742,
    58.490139099679546,
    58.53016011236018,
    58.514855825756776,
    57.67026153776569,
    57.86650682794148,
    58.01390307373016,
    57.81739422139163,
    57.891950745298445,
    57.85456230580708,
    57.91980536597149,
    57.914848628486524,
    57.947836846167185,
    57.95315331796552,
    57.94737554245775
  ]
}