{
  "train_loss": [
    5.966624871558167,
    5.363389904694794,
    5.1300662651678115,
    4.963849570837829,
    4.8322382544444356,
    4.725259590277281,
    4.633996157434394,
    4.5530850563203344,
    4.480399097119173,
    4.417271988228224,
    4.357694159285698,
    4.303441595742391,
    4.253862088653954,
    4.206145771419377,
    4.163299717139427,
    4.123590511717354,
    4.085777929942669,
    4.04987271156157,
    4.017540409619523,
    3.9853484797445633,
    3.9558795685723203,
    3.9280469440034067,
    3.902560516128951,
    3.8773513594353983,
    3.8526990670374874,
    3.830700260152085,
    3.809703289419613,
    3.7879115681629,
    3.7693026091497326,
    3.748548178140119,
    3.7317727979067037,
    3.7150726488429155,
    3.6974152658701263,
    3.6815308924478605,
    3.665634634998573,
    3.650391675902889,
    3.636389221188839,
    3.621918973178273,
    3.6102732896483922,
    3.5971953868865967,
    3.5830083124409775,
    3.572790580675066,
    3.5602345922272427,
    3.5492579182898214,
    3.537507948933187,
    3.527246351999357,
    3.5153144050895926,
    3.506440941770818,
    3.4968155694681733,
    3.4849135817942356,
    3.475987529048689,
    3.46878371745709,
    3.4571718566350307,
    3.450962431819089,
    3.4419354933588533,
    3.4339339829389695,
    3.4254044305588325,
    3.417748599482417,
    3.4099126256811827,
    3.4014909970166705,
    3.3940948365033075,
    3.386648024716897,
    3.3796857712567254,
    3.372005286800749,
    3.365130146611908,
    3.3608212814356726,
    3.351799731620388,
    3.345695767396231,
    3.3394807967010127,
    3.332835089951794,
    3.3269591543266945,
    3.3206736919536564,
    3.3141704988672145,
    3.3096300605809863,
    3.3034114863317394,
    3.297249210955798,
    3.2903809505709085,
    3.2865999396363947,
    3.2807246130536414,
    3.2764764053503885,
    3.2692610325434646,
    3.265089031183543,
    3.26125075326152,
    3.225529732646403,
    3.2170965604153166,
    3.2151943732398998,
    3.2091569724025186,
    3.2077239130900654,
    3.1902902151983166,
    3.187087977718697,
    3.185397458108566,
    3.182395674177968,
    3.1822509050048375,
    3.1712355148423246,
    3.170351458751016,
    3.1646618615249285,
    3.1648993280341453,
    3.164178946457833,
    3.164009679214149,
    3.161171910900768
  ],
  "val_loss": [
    5.332389565257283,
    5.085375470000428,
    4.932463571622774,
    4.821245057242257,
    4.744636727617933,
    4.673320355353417,
    4.620257625332126,
    4.575655980543657,
    4.53390764261221,
    4.490490191942685,
    4.462815594363522,
    4.436145364464103,
    4.412761254744097,
    4.385270524334598,
    4.367444812477409,
    4.340469143607399,
    4.324955002053992,
    4.304248255568665,
    4.290139656562309,
    4.27427203933914,
    4.255603694296503,
    4.245282999880902,
    4.231450870439604,
    4.214836501455927,
    4.204351967031306,
    4.196313415254865,
    4.183723412550889,
    4.177540865811435,
    4.164880752563477,
    4.154646489527319,
    4.146790120508764,
    4.136664981965895,
    4.128170233268242,
    4.116956819187511,
    4.111679105015544,
    4.1080673793693645,
    4.093594978382061,
    4.089496869545479,
    4.08067698292918,
    4.07649996063926,
    4.069360225231616,
    4.06151972188578,
    4.05176220931016,
    4.052224363599505,
    4.0458427652136075,
    4.040725903077559,
    4.038046595338103,
    4.030973310594435,
    4.030182519516387,
    4.02099170932522,
    4.0163213401645805,
    4.010182718177894,
    4.005523074756969,
    4.001844074818995,
    3.997716628111802,
    3.9943498295622986,
    3.9919085843222484,
    3.988632852380926,
    3.985541247702264,
    3.9766677323873942,
    3.974711984783024,
    3.9713603892883698,
    3.9716087657135803,
    3.9670496761024774,
    3.963651554925101,
    3.9567884903449517,
    3.956092072771741,
    3.9531751607919667,
    3.9488985817153734,
    3.9455623348037916,
    3.9458567198220784,
    3.9411408777360792,
    3.941260071543904,
    3.9400266331511657,
    3.931578085019991,
    3.9339765016134685,
    3.9311178969098375,
    3.928257248618386,
    3.9280644330111416,
    3.9235049873203427,
    3.9190322764508134,
    3.9216173407319306,
    3.9216868258141853,
    3.9112156552153747,
    3.9124516357075083,
    3.910010000327965,
    3.909815280468433,
    3.910837798923641,
    3.908318903539088,
    3.908322256880921,
    3.9060805989550307,
    3.906784791450996,
    3.9073692699531457,
    3.9063984387880795,
    3.907315031274573,
    3.907026315664316,
    3.9052475984994466,
    3.907169701217057,
    3.906399869299554,
    3.905594308654983
  ],
  "perplexity": [
    206.931861019572,
    161.64061904846605,
    138.72084045022604,
    124.11953053710495,
    114.96603393133651,
    107.0526056627237,
    101.52018293169172,
    97.09170852345264,
    93.12173750774983,
    89.16514320251186,
    86.73136597938941,
    84.44879416481828,
    82.49694437237399,
    80.25993254116347,
    78.84191821574258,
    76.74353463283646,
    75.5621126433608,
    74.01355525634116,
    72.97665945738781,
    71.82783243692718,
    70.49936440858383,
    69.77550380931183,
    68.81700433543695,
    67.68309887811297,
    66.97718017893638,
    66.44093883770229,
    65.6096909247531,
    65.20530729249514,
    64.38500423896235,
    63.72943154375238,
    63.23071124275023,
    62.59372177647217,
    62.06425586375102,
    61.372191119122114,
    61.04913947327642,
    60.82904443127105,
    59.95504182166468,
    59.70984230529679,
    59.18552387972645,
    58.938820229260756,
    58.519511306184135,
    58.06248288966443,
    57.49869255150896,
    57.52527196032416,
    57.159337642442594,
    56.86760819812366,
    56.715446310642385,
    56.31569724566859,
    56.271180898617565,
    55.75637253259338,
    55.4965768329492,
    55.156947819790666,
    54.900533973254234,
    54.698925997434785,
    54.47362437550814,
    54.29053104810099,
    54.15815619308499,
    53.98103884381794,
    53.8144085218322,
    53.3389979446248,
    53.234782270171216,
    53.05665947826962,
    53.06983913837513,
    52.828439685096065,
    52.64922691124628,
    52.28912896801226,
    52.25272657681477,
    52.10053204961748,
    51.87819576259255,
    51.70540568764869,
    51.72062922512831,
    51.47729711397786,
    51.48343325472512,
    51.419970758144494,
    50.98737662958658,
    51.10981236701337,
    50.96391824314297,
    50.818336725533065,
    50.80853910167592,
    50.577407643086524,
    50.35169467288117,
    50.482025424380424,
    50.48553329394031,
    49.95964878033612,
    50.02143610772234,
    49.89945098178782,
    49.88973551362992,
    49.94077477876634,
    49.81513749169534,
    49.8153045391599,
    49.70376073514447,
    49.738774077094845,
    49.76785381868026,
    49.71956108101506,
    49.76515454925679,
    49.75078864622161,
    49.66237471948591,
    49.75792270199898,
    49.719632205468564,
    49.679596154399896
  ]
}